,title,%
Riverdale,694,6.40
Narcos,277,2.55
Orange Is the New Black,274,2.53
Brooklyn Nine-Nine,219,2.02
Breaking Bad,206,1.90
The Vampire Diaries,197,1.82
The 100,190,1.75
Big Mouth,168,1.55
BoJack Horseman,167,1.54
Once Upon a Time (2011),162,1.49
Pretty Little Liars,161,1.48
Arrow,152,1.40
House of Cards,148,1.36
Suburra: Blood on Rome,136,1.25
Gossip Girl,132,1.22
How to Get Away with Murder,131,1.21
Rick and Morty,131,1.21
Dexter,126,1.16
The Blacklist,122,1.12
The Good Wife,115,1.06
Lucifer,111,1.02
The Good Place,111,1.02
Californication,105,0.97
Designated Survivor,97,0.89
Scorpion,97,0.89
Gilmore Girls,93,0.86
LEGO Ninjago: Masters of Spinjitzu,92,0.85
Suits (2011),86,0.79
The Expanse,85,0.78
Better Call Saul,84,0.77
Drop Dead Diva,83,0.76
Vikings,82,0.76
Outlander,80,0.74
Grimm,78,0.72
Star Trek: Discovery,78,0.72
Dynasty,71,0.65
13 Reasons Why,67,0.62
Elementary,67,0.62
The Flash,66,0.61
Orphan Black,64,0.59
Mad Men,58,0.53
Nexo Knights,58,0.53
iZombie,56,0.52
Ozark,55,0.51
My Little Pony: Friendship Is Magic,55,0.51
Black Mirror,55,0.51
Ray Donovan,52,0.48
The Originals,52,0.48
The Break,49,0.45
Shadowhunters: The Mortal Instruments,47,0.43
Teen Wolf,46,0.42
Marvel - Daredevil,45,0.41
Peaky Blinders,42,0.39
Jane the Virgin,42,0.39
Supergirl,41,0.38
Limitless,40,0.37
Grace and Frankie,40,0.37
Marco Polo,40,0.37
Skylanders Academy,38,0.35
Full House (1987),38,0.35
Sense8,36,0.33
The Tudors,36,0.33
Marvel's The Defenders,34,0.31
Marvel - Iron Fist,33,0.30
Van Helsing,33,0.30
Shooter,33,0.30
Bates Motel,33,0.30
The IT Crowd,32,0.29
Reign,32,0.29
RuPaul's Drag Race,32,0.29
Under the Dome,32,0.29
Star Trek: The Next Generation,30,0.28
Timeless,30,0.28
Line of Duty,30,0.28
Sherlock,30,0.28
The Mist,30,0.28
Security (2017),29,0.27
Good Witch,29,0.27
American Vandal,28,0.26
F is for Family,28,0.26
Gerald's Game,27,0.25
The Client List,27,0.25
Trailer Park Boys,27,0.25
The Fairly OddParents,26,0.24
Don't Trust the B---- in Apartment 23,26,0.24
Bonus Family,26,0.24
Total Drama,25,0.23
Chesapeake Shores,25,0.23
Lucy,25,0.23
Gypsy,25,0.23
Black Sails,24,0.22
Archer,23,0.21
Mako Mermaids: An H2O Adventure,23,0.21
Stranger Things,23,0.21
Word Party,22,0.20
Ted 2,22,0.20
Disjointed,22,0.20
Fifty Shades of Grey,22,0.20
Greenhouse Academy,22,0.20
Queen of the South,22,0.20
Z Nation,22,0.20
Gotham,21,0.19
Minions,21,0.19
Lockup: Disturbing the Peace,21,0.19
Skins,21,0.19
Marvel's Luke Cage,21,0.19
After Trek,21,0.19
Spartacus,21,0.19
You Me Her,21,0.19
Furious 7,20,0.18
Star Trek: Voyager,20,0.18
Transformers: Robots in Disguise,20,0.18
Trapped,20,0.18
DC's Legends of Tomorrow,20,0.18
Trainwreck,20,0.18
Bloodline,20,0.18
Anne with an E,19,0.18
The Story of Diana,19,0.18
Trollhunters,19,0.18
Hemlock Grove,19,0.18
Degrassi: Next Class,18,0.17
Weeds,18,0.17
Pokémon: XY,18,0.17
Helix,17,0.16
Hannibal,16,0.15
Grand Hotel,16,0.15
When Calls the Heart,16,0.15
Broadchurch,16,0.15
Wanda and the Alien,16,0.15
Marvel - Jessica Jones,16,0.15
"Pablo Escobar, el patrón del mal",16,0.15
From Dusk Till Dawn,16,0.15
Velvet,16,0.15
Master of None,16,0.15
Peppa Pig,16,0.15
Bitten,15,0.14
Puffin Rock,15,0.14
Cosmos: A Spacetime Odyssey,15,0.14
Slasher,15,0.14
Despicable Me 2,15,0.14
Fuller House,15,0.14
Free Rein,14,0.13
Sniffer,14,0.13
Planet Earth: The Complete Collection,14,0.13
Star Trek: Enterprise,14,0.13
Star Trek: Deep Space Nine,14,0.13
Zootopia,13,0.12
Travelers,13,0.12
The Visit (USA) (2015),13,0.12
The Crown,13,0.12
Ex Machina,13,0.12
Penny Dreadful,13,0.12
Touch,13,0.12
The Bridge (2011),12,0.11
Dead Man Down,12,0.11
Super 4,12,0.11
Chef's Table,12,0.11
Guilt,12,0.11
White Gold,12,0.11
Doctor Who,12,0.11
Pac-Man And The Ghostly Adventures,12,0.11
Iron Man,12,0.11
Jurassic World,12,0.11
Aquarius,11,0.10
After Earth,11,0.10
All Hail King Julien,11,0.10
Frontier,11,0.10
Love,11,0.10
American Crime Story,11,0.10
Between,11,0.10
Scream,11,0.10
Making a Murderer,11,0.10
Hercules (1997),11,0.10
Ascension,11,0.10
Chewing Gum,10,0.09
Max and Ruby,10,0.09
Zig and Sharko,10,0.09
Hostages (2013),10,0.09
Death Note (2017),10,0.09
The Fall,10,0.09
Crazy Ex-Girlfriend,10,0.09
ID-0,10,0.09
Equestria Girls: Tales of Canterlot High,10,0.09
Alvinnn!!! And the Chipmunks,10,0.09
Cybernatural,10,0.09
AJIN: Demi-Human,10,0.09
Little Evil,9,0.08
Ender's Game,9,0.08
Space Racers,9,0.08
Elysium,9,0.08
Oddbods,9,0.08
Misfits,9,0.08
Unbreakable Kimmy Schmidt,9,0.08
The OA,9,0.08
Jack Whitehall: Travels with My Father,9,0.08
Now You See Me,9,0.08
Bomb Scared,9,0.08
Turbo FAST,9,0.08
Top of the Lake,9,0.08
Star Trek,9,0.08
Fresh Meat,9,0.08
One Day at a Time,9,0.08
Top Boy: Summerhouse,8,0.07
Merlin,8,0.07
The Confession Tapes,8,0.07
Naked,8,0.07
Prisoners,8,0.07
3%,8,0.07
Ben and Holly's Little Kingdom,8,0.07
This Is the End,8,0.07
Rurouni Kenshin,8,0.07
Norsemen,8,0.07
The Bad Batch,8,0.07
The Magic School Bus Rides Again,8,0.07
True and the Rainbow Kingdom,8,0.07
Real Rob,8,0.07
Stand Up Guys,8,0.07
To the Bone,8,0.07
Homefront,8,0.07
Life Below Zero,8,0.07
The Seven Deadly Sins,7,0.06
River,7,0.06
Haters Back Off,7,0.06
Case,7,0.06
Escape Plan,7,0.06
Broken City,7,0.06
Our Souls At Night,7,0.06
Pokémon the Series: XYZ,7,0.06
The Overnight,7,0.06
Glitter Force Doki Doki,7,0.06
Girlboss,7,0.06
Killjoys,7,0.06
Before I Fall,7,0.06
Christina P: Mother Inferior,7,0.06
An Idiot Abroad,6,0.06
Atypical,6,0.06
The Ranch (2016),6,0.06
Miss Fisher's Murder Mysteries,6,0.06
Ghost Hunt,6,0.06
Captain America: Civil War,6,0.06
Party of Five,6,0.06
The Affair,6,0.06
Care Bears: Welcome to Care-a-Lot,6,0.06
The Royal House of Windsor,6,0.06
Doc Martin,6,0.06
13 Hours: The Secret Soldiers of Benghazi,6,0.06
The Boy Next Door,6,0.06
Kong: King of the Apes,6,0.06
Iron Man 3,6,0.06
It's a Boy Girl Thing,6,0.06
Masters of Sex,6,0.06
Peg + Cat,6,0.06
Lone Survivor,6,0.06
The Worst Witch,6,0.06
Cable Girls,6,0.06
Wakfu,6,0.06
Daniel Tiger's Neighbourhood,6,0.06
Strawberry Shortcake: Berry Bitty Adventures,6,0.06
The Mortal Instruments: City of Bones,6,0.06
Rocco,6,0.06
Cloudy with a Chance of Meatballs 2,6,0.06
Santa Clarita Diet,6,0.06
Luther,6,0.06
Finding Dory,6,0.06
Pixels,6,0.06
American Hustle,5,0.05
Inception,5,0.05
The Pyramid Code,5,0.05
The Iceman,5,0.05
Hot Girls Wanted,5,0.05
Olympus Has Fallen,5,0.05
Glitch,5,0.05
MythBusters,5,0.05
Captain Phillips,5,0.05
A Series of Unfortunate Events,5,0.05
Jobs,5,0.05
Generation Iron 2,5,0.05
The Equalizer,5,0.05
13 Reasons Why: Beyond the Reasons,5,0.05
VeggieTales in the House,5,0.05
H2O: Mermaid Adventures,5,0.05
Nobel,5,0.05
The Smurfs 2,5,0.05
#realityhigh,5,0.05
Crimson Peak,5,0.05
Gaga: Five Foot Two,5,0.05
Sensations of the 20th Century,5,0.05
Side Effects (2013),5,0.05
Strange Empire,5,0.05
Hall Pass,5,0.05
LoliRock,5,0.05
Straight Outta Compton,5,0.05
"The Prize Winner of Defiance, Ohio",4,0.04
Mac and Devin Go to High School,4,0.04
Everest (2015),4,0.04
One for the Money,4,0.04
LEGO Ninjago: Masters of Spinjitzu: Way of the Ninja,4,0.04
Message from the King,4,0.04
The Adventures of Puss in Boots,4,0.04
No Strings Attached,4,0.04
Hotel Beau Séjour,4,0.04
Pokémon: Indigo League,4,0.04
The Standups,4,0.04
My Babysitter's a Vampire,4,0.04
LEGO Ninjago: Masters of Spinjitzu: King of Shadows,4,0.04
The Wolf of Wall Street,4,0.04
Los tiempos de Pablo Escobar,4,0.04
Highway Thru Hell,4,0.04
Vexed,4,0.04
Wynonna Earp,4,0.04
Crazyhead,4,0.04
Jadotville,4,0.04
Barbie Life in the Dreamhouse,4,0.04
Friday,4,0.04
White House Down,4,0.04
Jumanji,4,0.04
No Country for Old Men,4,0.04
Limitless (2011),4,0.04
The Ouija Experiment,4,0.04
The Call (2013),4,0.04
The Legend of Hercules,4,0.04
Iron Man 2,4,0.04
Jumper,4,0.04
Nature's Great Events (2009),4,0.04
Kate and Mim-Mim,4,0.04
The Returned (2015),4,0.04
Castlevania,4,0.04
Killing Season,4,0.04
Africa,4,0.04
Wet Hot American Summer: Ten Years Later,4,0.04
Treasures Decoded,3,0.03
Rise of the Guardians,3,0.03
First They Killed My Father,3,0.03
LEGO Ninjago: Masters of Spinjitzu: Happy Birthday to You!,3,0.03
Capture the Flag,3,0.03
Get Smart,3,0.03
Project Mc²,3,0.03
Sundown,3,0.03
Lockup: First Timers,3,0.03
Intersection,3,0.03
LEGO Elves: Secrets of Elvendale,3,0.03
Battle: Los Angeles,3,0.03
War Machine,3,0.03
Alvin and the Chipmunks: Chipwrecked,3,0.03
Did You Hear About the Morgans?,3,0.03
Road Trip,3,0.03
The Magic School Bus,3,0.03
Popples,3,0.03
Street Kings,3,0.03
Real Detective,3,0.03
Metallica: Some Kind of Monster,3,0.03
Yes Man,3,0.03
Parker,3,0.03
Taken,3,0.03
Hostel: Part III,3,0.03
The 101-Year-Old Man Who Skipped Out on the Bill and Disappeared,3,0.03
Unfaithful,3,0.03
Banking on Bitcoin,3,0.03
A.D. Kingdom and Empire,3,0.03
xXx,3,0.03
Amar (2017),3,0.03
The Hangover,3,0.03
Spy Kids 3: Game Over,3,0.03
APEX: The Story of the Hypercar,3,0.03
Black Site Delta,3,0.03
Skin Wars,3,0.03
Mall Girls,3,0.03
In Time,3,0.03
Clinical,3,0.03
The Sweetest Thing,3,0.03
Lemony Snicket's A Series of Unfortunate Events,3,0.03
I'll See You in My Dreams,3,0.03
Teletubbies,3,0.03
Zero Dark Thirty,3,0.03
Expendables 2,3,0.03
Tayo the Little Bus,3,0.03
Wild Kratts,3,0.03
Paranoia,3,0.03
My Sister's Keeper,3,0.03
Whitney: Can I Be Me,3,0.03
The Perks of Being a Wallflower,3,0.03
Fire Chasers,3,0.03
Chasing Cameron,3,0.03
The Client,3,0.03
Jerry Before Seinfeld,3,0.03
Paranoid,3,0.03
Faster (2010),3,0.03
The Italian Job (2003),3,0.03
Ricki and the Flash,3,0.03
Little Witch Academia,3,0.03
Blue Mountain State,3,0.03
Project X (2012),3,0.03
You Get Me,3,0.03
The Godfather,3,0.03
White Girl,3,0.03
Friends from College,3,0.03
Knight and Day,3,0.03
"Frauen, die Geschichte machten",3,0.03
What the Health,3,0.03
True Memoirs of an International Assassin,3,0.03
Body of Lies,3,0.03
"Lizzie Borden Chronicles, The",3,0.03
Indiana Jones and the Kingdom of the Crystal Skull,3,0.03
Monte Carlo,3,0.03
The Impossible,3,0.03
Luna Petunia,3,0.03
Sherlock Holmes: A Game of Shadows,3,0.03
Wild China,3,0.03
Sand Castle,3,0.03
The Truman Show,3,0.03
LEGO: Friends: Happy Birthday to You!,3,0.03
Sandy Wexler,3,0.03
Spooky Stories,3,0.03
Dredd,3,0.03
Hinterland,3,0.03
Julius Jr.,3,0.03
Fast and Furious 6,3,0.03
Forrest Gump,3,0.03
LEGO Friends: The Power of Friendship,3,0.03
Fight Club,3,0.03
Scouts vs. Zombies,3,0.03
Caillou,3,0.03
Alvin and the Chipmunks,3,0.03
There Will Be Blood,3,0.03
Pee-wee's Big Holiday,3,0.03
National Security,2,0.02
Secrets of the Third Reich II,2,0.02
Breakfast at Tiffany's,2,0.02
Fantastic Mr. Fox,2,0.02
Marcella,2,0.02
The Mechanic (2011),2,0.02
Centurion,2,0.02
Slugterra,2,0.02
Due Date,2,0.02
Man on fire (2004),2,0.02
The Great Train Robbery,2,0.02
Tip the Mouse,2,0.02
Chef's Table: France,2,0.02
Love Happens,2,0.02
The Bucket List,2,0.02
The Ugly Truth,2,0.02
Halo: The Fall of Reach,2,0.02
Goosebumps,2,0.02
Barefoot in the Park,2,0.02
Kill Bill: Vol. 1,2,0.02
Nazi Concentration Camps,2,0.02
Tales of Halloween,2,0.02
The Jungle Book (2016),2,0.02
The Matrix,2,0.02
The Last Samurai,2,0.02
Franca: Chaos and Creation,2,0.02
Happy Tree Friends,2,0.02
Louis C.K. 2017,2,0.02
Unacknowledged,2,0.02
Shrek's Swamp Stories,2,0.02
Casper's Haunted Christmas,2,0.02
GoodFellas,2,0.02
Sherlock Holmes,2,0.02
Killer Elite,2,0.02
The Bar,2,0.02
The Lord of the Rings: The Return of the King,2,0.02
Resident Evil: Retribution,2,0.02
Albion: The Enchanted Stallion,2,0.02
The Lucky One,2,0.02
Neo Yokio,2,0.02
12 Monkeys,2,0.02
Ella the Elephant,2,0.02
Mission: Impossible 5,2,0.02
Pitch Perfect 2,2,0.02
Honeymoon (2015),2,0.02
Alvin and the Chipmunks: The Squeakquel,2,0.02
My Little Pony Equestria Girls: Rainbow Rocks,2,0.02
Bride Wars,2,0.02
The Choice,2,0.02
"Big Mommas: Like Father, Like Son",2,0.02
The Exorcism of Anna Ecklund,2,0.02
The Invitation,2,0.02
Special Forces: Ultimate Hell Week,2,0.02
The Big Short,2,0.02
Shrek the Halls,2,0.02
Max Steel (2013),2,0.02
The Do-Over,2,0.02
American History X,2,0.02
Jackass 3.5: The Explicit Movie,2,0.02
Final Girl,2,0.02
"Crazy, Stupid, Love",2,0.02
Catch and Release,2,0.02
Footloose (1984),2,0.02
Secret Societies - Myths and Realities of a Parallel World,2,0.02
300,2,0.02
Keith Richards: Under the Influence,2,0.02
Zathura,2,0.02
GLOW,2,0.02
Look Who's Back,2,0.02
Boyka: Undisputed,2,0.02
2001: A Space Odyssey,2,0.02
Daredevil,2,0.02
Mirrors,2,0.02
Love and Other Drugs,2,0.02
72 Dangerous Places,2,0.02
Saving Private Ryan,2,0.02
Spy Kids 2: The Island of Lost Dreams,2,0.02
Apaches,2,0.02
Digimon Fusion,2,0.02
Halo 4: Forward Unto Dawn,2,0.02
Lilyhammer,2,0.02
XOXO,2,0.02
The Silenced,2,0.02
The SpongeBob SquarePants Movie,2,0.02
The Secrets of Emily Blair,2,0.02
Iron Man: Armored Adventures,2,0.02
Mighty Morphin Power Rangers,2,0.02
Littlest Pet Shop,2,0.02
Cowspiracy,2,0.02
Richie Rich,2,0.02
Zoo,2,0.02
Abstract: The Art of Design,2,0.02
Saints and Strangers,2,0.02
The Expendables,2,0.02
The Double (2011),2,0.02
Sinbad: Legend of the Seven Seas,2,0.02
Unknown,2,0.02
Life with Boys,2,0.02
Britain's Biggest Adventures with Bear Grylls,2,0.02
Bodyguards: Secret Lives from the Watchtower,2,0.02
Sand Storm,2,0.02
Colombiana,2,0.02
Louis Theroux: America's Most Dangerous Pets,2,0.02
Easy,2,0.02
The Magic of Belle Isle,2,0.02
The Hangover: Part III,2,0.02
The Blind Side,2,0.02
Continuum,2,0.02
Batman and Robin,2,0.02
Awakenings,2,0.02
Street,2,0.02
How I Spent My Summer Vacation,2,0.02
The Great Gatsby (2013),2,0.02
Sex and the City: The Movie,2,0.02
Bodyguard,2,0.02
R.E.D.,2,0.02
How Do You Know,2,0.02
Mean Girls,2,0.02
17 Again,2,0.02
Meet the Robinsons,2,0.02
Charlie and the Chocolate Factory,2,0.02
The Amazing Spider-Man 2,2,0.02
Club de Cuervos,2,0.02
Rumor Has It,2,0.02
El Capo - El Amo del Tunel,2,0.02
Reggie Yates Outside Man,2,0.02
Life Is Beautiful,2,0.02
Jeff Dunham: Relative Disaster,2,0.02
The Chosen (2015),2,0.02
The Outcasts,2,0.02
In the Shadow of Iris,2,0.02
Minority Report,2,0.02
Hellions,2,0.02
Terminator Genisys,2,0.02
Hitler and the Nazis,2,0.02
A Knight's Tale,2,0.02
Friday the 13th (2009),2,0.02
Dangerous Beauty,2,0.02
Marseille,2,0.02
Ever After High,2,0.02
The Darkest Hour,2,0.02
The Fundamentals of Caring,2,0.02
After Porn Ends,2,0.02
Kevin Hart: What Now?,2,0.02
Obsessed,2,0.02
The Bounty Hunter,2,0.02
Simply Irresistible,2,0.02
FINAL FANTASY XIV Dad of Light,2,0.02
Gabriel lglesias: I’m Sorry For What I Said When I Was Hungry,2,0.02
Magicians: Life in the Impossible,2,0.02
Kung Fu Panda,2,0.02
A Cook Abroad,2,0.02
Vampires Suck,2,0.02
Journey 2: The Mysterious Island,2,0.02
Blood Diamond,2,0.02
Contratiempo,2,0.02
Grown Ups 2,2,0.02
The Roommate,2,0.02
High Crimes,2,0.02
The Dreamers,2,0.02
Felon,2,0.02
The Golden Compass,2,0.02
November Rule,2,0.02
Happy Feet Two,2,0.02
Love Steaks,2,0.02
BoJack Horseman Christmas Special: Sabrina's Christmas Wish,2,0.02
Pokémon the Movie: Hoopa and the Clash of Ages,2,0.02
Jackass: The Movie,2,0.02
Pokémon: Happy Birthday to You!,2,0.02
Most Likely to Die,2,0.02
The Godfather: Part II,2,0.02
The Mars Generation,2,0.02
The Lincoln Lawyer,2,0.02
Palm Trees in the Snow,2,0.02
Icarus,2,0.02
Ice Guardians,2,0.02
The Avengers (2012),2,0.02
Amy Schumer: The Leather Special,2,0.02
Meru,2,0.02
Im Tal der wilden Rosen,2,0.02
My Honor Was Loyalty,2,0.02
Beasts of No Nation,2,0.02
Troy,2,0.02
The Girl Next Door (2004),2,0.02
The Shannara Chronicles,2,0.02
Invasion 1897,2,0.02
Chris Tucker Live,1,0.01
The Fountain,1,0.01
Wild Japan,1,0.01
Madre,1,0.01
Argo,1,0.01
Man of Steel,1,0.01
Expelled,1,0.01
Tony Robbins: I Am Not Your Guru,1,0.01
The Royals,1,0.01
Mindhorn,1,0.01
Lucky Number Slevin,1,0.01
Shrek the Third,1,0.01
Buster's Mal Heart,1,0.01
Rangoon,1,0.01
Louis C.K.: Live at the Comedy Store,1,0.01
The Next Three Days,1,0.01
Every Second Counts: The Story of the 2008 CrossFit Games,1,0.01
The Death and Life of Marsha P. Johnson,1,0.01
Justin Time,1,0.01
Serendipity,1,0.01
Shrek 2,1,0.01
Paranormal Activity 5,1,0.01
Mr. and Mrs. Smith,1,0.01
The Maltese Falcon,1,0.01
Are We Done Yet? (2007),1,0.01
The Lord of the Rings: The Two Towers,1,0.01
Airplane II: The Sequel,1,0.01
Netflix Branded Original Stand Up Special 6,1,0.01
Western (2015),1,0.01
How to Train Your Dragon,1,0.01
Kung Fu Panda 2,1,0.01
Mercy (2016),1,0.01
Twilight (2008),1,0.01
Dirt Every Day,1,0.01
Natural Born Pranksters,1,0.01
Indiana Jones and the Raiders of the Lost Ark,1,0.01
He's Just Not That Into You,1,0.01
Snatch,1,0.01
Tropic Thunder,1,0.01
Armored,1,0.01
Shutter (2008),1,0.01
Speed Racer,1,0.01
Power Rangers: Megaforce: Raising Spirits,1,0.01
Grami's Circus Show,1,0.01
Naked Among Wolves,1,0.01
Danger Mouse (2015),1,0.01
Mr. Brooks,1,0.01
Pentatonix: On My Way Home,1,0.01
Merry Kissmas,1,0.01
Going Clear: Scientology and the Prison of Belief,1,0.01
The Girl Who Played with Fire,1,0.01
Testament of Youth,1,0.01
I Am Your Father,1,0.01
White Rabbit Project,1,0.01
Anatomy of a Love Seen,1,0.01
Shrek Forever After,1,0.01
The Propaganda Game,1,0.01
The Get Down,1,0.01
Babylon,1,0.01
Gone Baby Gone,1,0.01
Diary of an Exorcist - Zero,1,0.01
I Don't Feel at Home in This World Anymore,1,0.01
Jonas Brothers: The Concert Experience,1,0.01
Fremd fischen,1,0.01
Killing Them Softly,1,0.01
Seven (1995),1,0.01
Firehouse Dog,1,0.01
When Love Happens,1,0.01
Resident Evil: Extinction,1,0.01
Team Foxcatcher,1,0.01
Inspector Gadget (2015),1,0.01
Dirk Gently's Holistic Detective Agency,1,0.01
George Balanchine's The Nutcracker,1,0.01
Mumbai Cha Raja,1,0.01
A 2nd Chance,1,0.01
Porong Porong Rescue Mission,1,0.01
Life as We Know It,1,0.01
King Cobra,1,0.01
Horrible Bosses,1,0.01
The Boss's Daughter,1,0.01
The Usual Suspects,1,0.01
Scooby-Doo,1,0.01
Shimmer Lake,1,0.01
Asperger's Are Us,1,0.01
The Lord of the Rings: The Fellowship of the Ring,1,0.01
Alice Through the Looking Glass,1,0.01
Lucid Dream,1,0.01
Andaz Apna Apna,1,0.01
Ultimate Beastmaster,1,0.01
Naomi and Ely's No Kiss List,1,0.01
Waffle Street,1,0.01
Particle Fever,1,0.01
The Bet,1,0.01
Kick-Ass,1,0.01
Secret Affair,1,0.01
The Incredibles,1,0.01
Extremely Loud and Incredibly Close,1,0.01
Long shot (2017),1,0.01
ARQ,1,0.01
Underworld: Awakening,1,0.01
Strong Island,1,0.01
The Fear of 13,1,0.01
Elektra,1,0.01
Roman Empire: Reign of Blood,1,0.01
Mr. Deeds,1,0.01
Meet the Fockers,1,0.01
Edgar Rice Burroughs' Tarzan and Jane,1,0.01
Mouk,1,0.01
Mark and Russell's Wild Ride,1,0.01
Jack the Ripper - Ein deutscher Serienkiller?,1,0.01
6 Years,1,0.01
Chasing Amy,1,0.01
Scary Movie 3,1,0.01
Starsky and Hutch,1,0.01
Much Loved,1,0.01
Full Metal Jacket,1,0.01
Batman Returns,1,0.01
Eastsiders,1,0.01
Natural Born Killers,1,0.01
Samurai Gourmet,1,0.01
Horseland,1,0.01
Oggy and the Cockroaches,1,0.01
Marmaduke,1,0.01
The Man in the Wall,1,0.01
Two Weeks Notice,1,0.01
The Bomb,1,0.01
Shameless,1,0.01
Forks Over Knives,1,0.01
The Dark Knight Rises,1,0.01
Korengal,1,0.01
The Road to El Dorado,1,0.01
Murderous Affairs,1,0.01
The Hunting Ground,1,0.01
The Invisible Guardian,1,0.01
Kurt and Courtney,1,0.01
Secrets of the Tower of London,1,0.01
Bakugan: Battle Brawlers,1,0.01
Matilda,1,0.01
Netflix Branded Original Stand Up Special 1,1,0.01
Margot at the Wedding,1,0.01
What's Your Number?,1,0.01
Food Choices,1,0.01
Chapo: El escape del siglo,1,0.01
Four Christmases,1,0.01
Project Almanac,1,0.01
The Crazies,1,0.01
Shaft (2000),1,0.01
Power Rangers Mystic Force,1,0.01
Boca,1,0.01
The Paperboy,1,0.01
Act of Valor,1,0.01
Quarantine,1,0.01
American Beauty,1,0.01
Love Me (2014),1,0.01
Little Sister,1,0.01
Burlesque: Heart of the Glitter Tribe,1,0.01
Hitler - A Career,1,0.01
Riphagen - The Untouchable,1,0.01
In Your Eyes,1,0.01
Divines,1,0.01
The Lighthouse of the Orcas,1,0.01
Inside Job,1,0.01
Jackass 2.5,1,0.01
Barbie: Happy Birthday to You!,1,0.01
The Code (2011),1,0.01
Girlfriend's Day,1,0.01
A Man Apart,1,0.01
Big Momma's House,1,0.01
Dragons: Dawn of the Dragon Racers,1,0.01
Open Season,1,0.01
Fired Up!,1,0.01
Last Chance U,1,0.01
Iverson,1,0.01
Hotel Transylvania 2,1,0.01
Retribution,1,0.01
The Three Musketeers (2011),1,0.01
Raiders!: The Story of the Greatest Fan Film Ever Made,1,0.01
The Host (2013),1,0.01
Angry Birds,1,0.01
Chiro,1,0.01
Cannabis,1,0.01
Toro,1,0.01
Operações Especiais,1,0.01
Star Trek: Nemesis,1,0.01
Happy Valley,1,0.01
Star Trek: First Contact,1,0.01
Push,1,0.01
Hush,1,0.01
Dukhtar,1,0.01
The Dark Knight,1,0.01
The Sentinel (2006),1,0.01
My Little Pony: Happy Birthday to You!,1,0.01
Happy Feet,1,0.01
First Daughter,1,0.01
I'm in Love with a Church Girl,1,0.01
Raees,1,0.01
Spectral,1,0.01
Kaho Naa Pyaar Hai,1,0.01
Cannabis: The Evil Weed?,1,0.01
Cocaine Cowboys Reloaded,1,0.01
Clash of the Titans (2010),1,0.01
How to Train Your Dragon Legends,1,0.01
Life or Something Like It,1,0.01
Gunslinger Girl,1,0.01
Jackass: Number Two,1,0.01
HALO Legends,1,0.01
Coming to America,1,0.01
Atari: Game Over,1,0.01
Knights of Sidonia,1,0.01
American Anarchist,1,0.01
Taken 2,1,0.01
Nick and Norah's Infinite Playlist,1,0.01
Circle,1,0.01
The Presence (2014),1,0.01
Wrong Turn (2003),1,0.01
Okja,1,0.01
Julie and Julia,1,0.01
Pac's Scary Halloween,1,0.01
Kung Fu Hustle,1,0.01
Get Me Roger Stone,1,0.01
Madagascar 3: Europe's Most Wanted,1,0.01
Mission: Impossible III,1,0.01
Source Code,1,0.01
Everybody Loves Somebody,1,0.01
How Sarah Got Her Wings,1,0.01
Legion,1,0.01
Star Trek II: The Wrath of Khan,1,0.01
Puss in Boots (2011),1,0.01
Secrets of the Bible,1,0.01
Defying the Nazis: The Sharps' War,1,0.01
NOVA: Cold Case JFK,1,0.01
Love Me!,1,0.01
Snitch,1,0.01
Joshua: Teenager vs. Superpower,1,0.01
Hot Girls Wanted: Turned On,1,0.01
The Weekend (2016),1,0.01
Sex and the City 2,1,0.01
Joseph: King of Dreams,1,0.01
Hostage to the Devil,1,0.01
Zeitgeist: Addendum,1,0.01
Busting the Berlin Wall,1,0.01
Klappe Cowboy!,1,0.01
The Muppets Take Manhattan,1,0.01
Iron Will,1,0.01
Tallulah,1,0.01
Teenage Cocktail,1,0.01
Ken Burns: The War,1,0.01
Heroin(e),1,0.01
The Young Offenders,1,0.01
Only the Dead,1,0.01
It Was Fifty Years Ago Today! The Beatles: Sgt Pepper And Beyond,1,0.01
Blue Mountain State: The Rise of Thadland,1,0.01
What Happens in Vegas,1,0.01
Mission: Impossible - Ghost Protocol,1,0.01
The Firefly,1,0.01
Ocean's Eleven (2001),1,0.01
Wild Alaska,1,0.01
Epic Drives,1,0.01
Catfight,1,0.01
My Little Pony: Equestria Girls,1,0.01
Lovesick (2014),1,0.01
The Candidate,1,0.01
Chasing Ice,1,0.01
Aileen Wuornos: The Selling of a Serial Killer,1,0.01
Pumping Iron,1,0.01
Walt Before Mickey,1,0.01
Los heroes del Mal,1,0.01
Hurricane Bianca,1,0.01
The Shining,1,0.01
Gantz:O,1,0.01
New Year's Eve,1,0.01
Louis Theroux: Twilight of the Porn Stars,1,0.01
Monsters vs. Aliens,1,0.01
How to Lose a Guy in 10 Days,1,0.01
Gringo: The Dangerous Life of John McAfee,1,0.01
Tricked (2013),1,0.01
Horror Story,1,0.01
The Wolfpack,1,0.01
Looper,1,0.01
Scooby-Doo 2: Monsters Unleashed,1,0.01
The Perfect Guy,1,0.01
Crossing Lines,1,0.01
National Lampoon's Christmas Vacation,1,0.01
The Pill,1,0.01
Louis Theroux's LA Stories: Among the Sex Offenders,1,0.01
Made of Honor,1,0.01
Just My Luck,1,0.01
Fools Rush In,1,0.01
"Fat, Sick and Nearly Dead",1,0.01
The Saint (2017),1,0.01
Fauda,1,0.01
Jake's Buccaneer Blast,1,0.01
Tree Fu Tom,1,0.01
Louis Theroux: Drinking to Oblivion,1,0.01
Rattle the Cage,1,0.01
Madagascar 2,1,0.01
Timmy Time,1,0.01
Kung Fu Panda: Holiday,1,0.01
Nova: Mind of a Rampage Killer,1,0.01
Vinnie Jones Toughest Cops,1,0.01
The Culture High,1,0.01
Final Fantasy VII: Advent Children,1,0.01
Copycat,1,0.01
City of Tiny Lights,1,0.01
Kill Ratio,1,0.01
Take Me,1,0.01
Jeremy Scott: The People's Designer,1,0.01
The Campaign,1,0.01
Wet Hot American Summer,1,0.01
The Hangover: Part II,1,0.01
Gangster Squad,1,0.01
Indecent Proposal,1,0.01
Clueless,1,0.01
Lawrence of Arabia: Restored Version,1,0.01
The Bridge on the River Kwai,1,0.01
We're the Millers,1,0.01
Puss in Book: Trapped in an Epic Tale,1,0.01
The Notebook (2004),1,0.01
Scream 2,1,0.01
Scream 3,1,0.01
Think Like a Man,1,0.01
Coach Carter,1,0.01
Handsome Devil,1,0.01
Somm: Into the Bottle,1,0.01
Pulp Fiction,1,0.01
Fracture,1,0.01
Super High Me,1,0.01
III - The Ritual,1,0.01
Friday the 13th: Part 7: The New Blood,1,0.01
The Concubine,1,0.01
The Forgotten (2004),1,0.01
Big Momma's House 2,1,0.01
Once Upon a Time in America,1,0.01
Family Business,1,0.01
Bright Night,1,0.01
Labirent,1,0.01
Confessions of a Brazilian Call Girl,1,0.01
The Book of Eli,1,0.01
Ocean Wonders,1,0.01
A Time to Kill,1,0.01
The Conjuring,1,0.01
Oscar's Oasis,1,0.01
Sahara (2017),1,0.01
Legend of the Guardians: The Owls of Ga'Hoole,1,0.01
XX,1,0.01
The Stepfather,1,0.01
Daddy Day Care,1,0.01
Little Man,1,0.01
I Am Legend,1,0.01
Straw Dogs (2011),1,0.01
Open Season: Scared Silly,1,0.01
Def Comedy Jam 25,1,0.01
Red vs. Blue,1,0.01
Daemonium,1,0.01
Pacific Rim,1,0.01
Megamind,1,0.01
Batman Begins,1,0.01
The Bugs Bunny Road Runner Movie,1,0.01
Life (2009),1,0.01
Rango,1,0.01
Ryan Hamilton: Happy Face,1,0.01
Jem and the Holograms,1,0.01
Jessica Darling's It List,1,0.01
The Amazing Spider-Man,1,0.01
Over the Hedge,1,0.01
Red Riding Hood (2011),1,0.01
Odd Squad,1,0.01
50/50,1,0.01
1 Night,1,0.01
The Cuba Libre Story,1,0.01
Tramps,1,0.01
Deliver Us from Evil (2014),1,0.01
Deck the Halls,1,0.01
Auschwitz: The nazis and the final solution,1,0.01
Tales by Light,1,0.01
Good Will Hunting,1,0.01
Being Elmo: A Puppeteer's Journey,1,0.01
Daughters of the Dust,1,0.01
Tokyo Idols,1,0.01
Megafactories: Energy,1,0.01
Wild Patagonia,1,0.01
The Shawshank Redemption,1,0.01
Sex: My British Job,1,0.01
Rumble,1,0.01
Lo and Behold: Reveries of the Connected World,1,0.01
First Contact: Lost Tribe of the Amazon,1,0.01
Sense8: Creating the World,1,0.01
Hot Bot,1,0.01
The Women Who Kill Lions,1,0.01
Casper's Scare School,1,0.01
Bottom of the World,1,0.01
Flushed Away,1,0.01
He-Man and the Masters of the Universe (1983),1,0.01
Friday After Next,1,0.01
Biggie and Tupac,1,0.01
Anthony Jeselnik: Thoughts and Prayers,1,0.01
Residue,1,0.01
The Watcher (2016),1,0.01
Paradox (2016),1,0.01
Hope,1,0.01
The Walk,1,0.01
Iwan the Terrible,1,0.01
